time_sec,value
242.117149,84.189980
242.244178,87.182824
242.371207,87.182824
242.498236,87.182824
242.625265,87.182824
242.752294,87.182824
242.879323,87.182824
243.006351,87.182824
243.133380,87.182824
300.169372,74.951204
300.296401,74.951204
300.423430,74.951204
300.550459,74.951204
300.677488,74.951204
300.804517,74.951204
300.931546,74.951204
