time_sec,value
576.711362,95.652174
576.838391,95.652174
576.965420,95.652174
577.092449,95.652174
577.219478,95.652174
577.346507,95.652174
577.473536,95.652174
577.600565,95.652174
577.727594,96.560675
577.854622,96.560675
577.981651,96.690461
578.108680,96.690461
578.235709,99.675535
578.362738,99.675535
578.489767,99.675535
578.616796,99.675535
