time_sec,value
321.510233,69.889682
321.637262,79.299156
321.764291,79.299156
321.891320,79.299156
322.018349,79.299156
322.145378,79.299156
322.272406,79.299156
322.399435,79.299156
322.526464,79.234263
366.605505,33.679429
366.732534,33.679429
366.859562,33.679429
366.986591,33.679429
367.113620,33.679429
367.240649,33.679429
367.367678,33.679429
367.494707,33.679429
367.621736,27.514601
