time_sec,value
285.815102,25.520833
285.942131,34.765625
286.069160,34.765625
286.196189,34.765625
286.323218,34.765625
286.450247,34.765625
286.577276,34.765625
286.704305,34.765625
286.831334,34.765625
286.958363,16.276042
