time_sec,value
172.378264,17.761874
172.505293,28.366949
172.632322,28.366949
172.759351,28.366949
172.886380,28.366949
173.013409,28.366949
173.140438,28.366949
173.267466,28.366949
173.394495,28.366949
173.521524,11.515940
