time_sec,value
0.000000,98.439532
0.127029,98.439532
0.254058,98.439532
0.381087,98.439532
