time_sec,value
785.673959,11.890838
785.800988,33.333333
785.928017,35.022742
786.055046,35.022742
786.182075,35.022742
786.309104,35.022742
786.436133,35.022742
786.563162,35.022742
786.690191,35.022742
786.817219,35.022742
786.944248,15.009747
843.853211,64.132554
843.980240,85.834958
844.107269,99.740091
844.234298,99.740091
844.361327,99.740091
844.488356,99.740091
844.615385,99.740091
844.742414,99.740091
844.869442,99.740091
844.996471,99.740091
845.123500,99.610136
845.250529,99.610136
