time_sec,value
516.880734,27.048114
517.007763,27.048114
517.134792,27.048114
517.261821,27.048114
517.388850,27.048114
517.515879,68.790637
517.642908,82.704811
517.769936,96.553966
517.896965,96.553966
518.023994,96.553966
518.151023,96.553966
518.278052,96.553966
518.405081,96.553966
518.532110,96.553966
