time_sec,value
448.158080,1.492537
448.285109,11.745620
448.412138,16.677482
448.539167,26.735886
448.666196,37.378326
448.793225,48.410123
448.920254,48.410123
449.047283,48.410123
449.174312,58.014276
449.301341,69.954575
449.428370,69.954575
449.555399,90.006489
449.682428,90.006489
449.809457,90.006489
449.936486,90.006489
450.063514,90.006489
450.190543,90.006489
450.317572,90.006489
450.444601,90.006489
