time_sec,value
64.657728,67.142857
64.784757,67.142857
64.911785,67.142857
65.038814,67.142857
65.165843,67.142857
65.292872,67.142857
65.419901,67.142857
177.967537,68.701299
178.094566,68.701299
178.221595,68.701299
178.348624,68.701299
178.475653,68.701299
178.602682,68.701299
178.729711,68.701299
235.511644,14.870130
235.638673,14.870130
235.765702,14.870130
235.892731,14.870130
236.019760,14.870130
236.146789,14.870130
236.273818,14.870130
