time_sec,value
4.191955,84.166126
4.318984,84.166126
4.446013,84.166126
4.573042,84.166126
4.700071,84.166126
4.827100,84.166126
4.954128,84.166126
5.081157,16.288125
5.208186,16.288125
118.517996,17.845555
118.645025,17.845555
118.772054,17.845555
118.899083,17.845555
119.026112,17.845555
119.153140,17.845555
119.280169,17.845555
279.463656,73.848151
279.590685,73.848151
279.717713,73.848151
279.844742,73.848151
279.971771,73.848151
