time_sec,value
146.210303,98.118105
146.337332,98.118105
146.464361,98.118105
146.591390,98.118105
146.718419,98.118105
146.845448,98.118105
146.972477,98.118105
147.099506,98.118105
147.226535,98.118105
147.353564,98.118105
