time_sec,value
433.676782,56.753247
433.803811,64.805195
434.057869,83.246753
434.184898,96.168831
434.311927,96.168831
434.438956,96.168831
434.565984,96.168831
