time_sec,value
271.333804,95.320374
271.460833,98.776098
271.587862,98.776098
271.714891,98.776098
271.841920,98.776098
271.968948,98.776098
272.095977,98.776098
272.223006,98.776098
272.350035,98.776098
327.480593,92.008639
327.607622,92.008639
327.734651,92.008639
327.861680,92.008639
327.988709,92.008639
328.115737,92.008639
328.242766,92.008639
328.369795,92.008639
