time_sec,value
0.000000,47.242051
0.127029,47.242051
0.254058,47.242051
0.381087,47.242051
