time_sec,value
0.000000,99.935107
0.127029,99.935107
0.254058,99.935107
0.381087,99.935107
0.508116,99.935107
0.635145,99.935107
0.762174,99.935107
0.889203,99.935107
1.016231,99.935107
1.143260,99.935107
1.270289,99.935107
1.397318,99.935107
1.524347,99.935107
1.651376,99.935107
1.778405,99.935107
1.905434,99.935107
2.032463,99.935107
2.159492,99.935107
2.286521,99.935107
2.413550,99.935107
2.540579,99.935107
