time_sec,value
60.846860,45.714286
60.973888,96.558442
61.100917,96.558442
61.227946,96.558442
61.354975,96.558442
61.482004,96.558442
61.609033,96.558442
61.736062,96.558442
117.755822,42.662338
117.882851,93.441558
118.009880,93.441558
118.136909,93.441558
118.263938,93.441558
118.390967,93.441558
118.517996,93.441558
118.645025,93.441558
118.772054,93.441558
