time_sec,value
19.816514,0.778715
19.943543,0.778715
20.070572,0.778715
20.197601,0.778715
20.324629,0.778715
20.451658,0.778715
20.578687,0.778715
20.705716,0.778715
25.913903,0.908501
26.040932,0.908501
26.167960,0.908501
26.294989,0.908501
26.422018,0.908501
26.549047,0.908501
26.676076,0.908501
26.803105,0.908501
87.649965,73.393900
87.776994,73.393900
87.904023,73.393900
88.031052,73.393900
88.158080,73.393900
88.285109,73.393900
88.412138,73.393900
