time_sec,value
0.000000,93.424479
0.127029,93.424479
0.254058,93.424479
0.381087,93.424479
0.508116,93.424479
