time_sec,value
0.000000,17.826936
0.127029,17.826936
0.254058,17.826936
0.381087,17.826936
