time_sec,value
202.230064,55.613238
202.357092,55.613238
202.484121,55.613238
202.611150,75.924724
202.738179,75.924724
202.865208,75.924724
202.992237,75.924724
203.119266,75.924724
203.246295,75.924724
203.373324,75.924724
