time_sec,value
0.000000,99.610136
0.127029,99.610136
0.254058,99.610136
0.381087,99.610136
146.845448,89.733593
146.972477,89.733593
147.099506,89.733593
147.226535,89.733593
147.353564,89.733593
147.480593,89.733593
147.607622,89.733593
170.218772,74.918778
170.345801,99.480182
170.472830,99.480182
170.599859,99.480182
170.726888,99.480182
170.853917,99.480182
170.980946,99.480182
171.107975,99.480182
171.235004,99.480182
171.362032,67.121507
171.489061,3.963613
