time_sec,value
0.000000,99.284320
0.127029,99.284320
0.254058,99.284320
0.381087,99.284320
0.508116,99.284320
0.635145,99.284320
0.762174,99.284320
0.889203,2.277163
44.968243,46.909564
45.095272,99.154196
45.222301,99.154196
45.349330,99.154196
45.476359,99.154196
45.603387,99.154196
45.730416,99.154196
45.857445,99.154196
45.984474,99.154196
46.111503,96.096291
46.238532,96.096291
