time_sec,value
265.998589,15.120052
266.125618,34.912395
266.252646,34.912395
266.379675,34.912395
266.506704,34.912395
266.633733,34.912395
266.760762,34.912395
266.887791,34.912395
267.014820,33.549643
