time_sec,value
481.566690,96.365996
481.693719,96.430889
481.820748,96.430889
481.947777,96.430889
482.074806,96.430889
482.201835,96.430889
482.328864,96.430889
482.455893,96.430889
