time_sec,value
609.992943,100.000000
610.119972,100.000000
610.247001,100.000000
610.374030,100.000000
610.501059,100.000000
610.628088,100.000000
610.755116,100.000000
610.882145,100.000000
