time_sec,value
542.413550,58.831169
542.540579,99.935065
542.667608,100.000000
542.794637,100.000000
542.921665,100.000000
543.048694,100.000000
543.175723,100.000000
543.302752,100.000000
543.429781,100.000000
543.556810,100.000000
543.683839,100.000000
