time_sec,value
0.000000,94.986979
0.127029,94.986979
0.254058,94.986979
0.381087,94.986979
0.508116,88.736979
