time_sec,value
401.284404,2.271252
401.411433,6.878650
401.538462,9.928618
401.665490,19.143413
401.792519,42.245295
401.919548,53.017521
402.046577,53.017521
402.173606,53.017521
402.300635,53.017521
