time_sec,value
795.328158,88.831169
795.455187,98.051948
795.582216,98.051948
795.709245,98.051948
795.836274,98.051948
795.963303,98.051948
796.090332,98.051948
796.217361,98.051948
796.344390,98.051948
796.471418,84.025974
851.093860,68.961039
851.220889,95.000000
851.347918,95.000000
851.474947,95.000000
851.601976,95.000000
851.729005,95.000000
851.856034,95.000000
851.983063,95.000000
852.110092,68.896104
