time_sec,value
96.414961,12.264763
96.541990,12.264763
96.669019,12.264763
96.796048,12.264763
