time_sec,value
0.000000,96.236210
0.127029,96.236210
0.254058,96.236210
0.381087,96.236210
0.508116,96.236210
544.191955,71.187541
544.318984,78.325762
544.446013,78.390655
544.573042,78.390655
544.700071,78.390655
544.827100,78.390655
544.954128,78.390655
545.081157,78.390655
545.208186,78.390655
