time_sec,value
0.000000,45.873944
0.127029,45.873944
0.254058,45.873944
0.381087,45.873944
228.525053,95.126706
228.652082,95.126706
228.779111,95.126706
228.906140,95.126706
229.033169,95.126706
229.160198,95.126706
229.287227,95.126706
