time_sec,value
0.000000,8.306295
0.127029,8.306295
0.254058,8.306295
0.381087,8.306295
181.397318,48.734588
181.524347,93.445814
181.651376,93.445814
181.778405,93.445814
181.905434,93.445814
182.032463,93.445814
182.159492,93.445814
182.286521,93.445814
182.413550,93.445814
