time_sec,value
683.669725,84.490591
683.796754,85.853342
683.923783,85.853342
684.050812,85.853342
684.177841,85.853342
684.304869,85.853342
684.431898,85.853342
684.558927,85.853342
684.685956,76.638546
684.940014,65.931213
685.067043,65.931213
