time_sec,value
11.178546,92.796885
11.305575,92.796885
11.432604,92.796885
11.559633,92.796885
11.686662,92.796885
11.813691,92.796885
11.940720,92.796885
12.067749,92.796885
12.194778,92.796885
12.321807,92.796885
12.448836,92.796885
12.575865,92.796885
12.702893,92.796885
12.829922,92.796885
