time_sec,value
0.000000,93.298634
0.127029,93.298634
0.254058,93.298634
0.381087,93.298634
