time_sec,value
111.277347,42.493473
111.404375,93.472585
111.531404,93.472585
111.658433,93.472585
111.785462,93.472585
111.912491,93.472585
112.039520,93.472585
112.166549,93.472585
