time_sec,value
26.294989,96.363636
26.422018,96.363636
26.549047,96.363636
26.676076,96.363636
26.803105,96.363636
26.930134,96.363636
27.057163,96.363636
27.184192,96.363636
27.311221,93.246753
