time_sec,value
106.323218,46.423927
106.450247,46.423927
106.577276,46.423927
106.704305,46.423927
106.831334,46.423927
106.958363,46.423927
107.085392,46.423927
248.976711,37.776333
249.103740,37.776333
249.230769,37.776333
249.357798,37.776333
249.484827,37.776333
249.611856,37.776333
249.738885,37.776333
