time_sec,value
48.525053,67.100130
48.652082,84.135241
48.779111,99.479844
48.906140,99.479844
49.033169,99.479844
49.160198,99.479844
49.287227,99.479844
49.414255,99.479844
49.541284,99.479844
49.668313,99.479844
49.795342,99.349805
49.922371,99.349805
105.942131,34.720416
106.069160,36.215865
106.196189,36.215865
106.323218,36.215865
106.450247,36.215865
106.577276,36.215865
106.704305,36.215865
106.831334,36.215865
106.958363,36.150845
