time_sec,value
0.000000,76.573653
0.127029,76.573653
0.254058,76.573653
0.381087,76.573653
172.124206,85.658663
172.251235,85.658663
172.378264,85.658663
172.505293,85.658663
172.632322,85.658663
172.759351,85.658663
172.886380,85.658663
342.851094,93.251136
342.978123,93.251136
343.105152,93.251136
343.232181,93.251136
343.359210,93.251136
343.486239,93.251136
343.613267,93.251136
343.740296,93.251136
343.867325,56.391953
343.994354,56.391953
