time_sec,value
854.904728,27.839066
855.031757,27.839066
855.158786,27.839066
855.285815,27.839066
855.412844,27.839066
855.539873,27.839066
855.666902,27.839066
855.793931,27.839066
855.920960,15.314731
856.047989,2.985075
