time_sec,value
167.805222,57.792208
167.932251,57.792208
168.059280,57.792208
168.186309,67.337662
168.313338,76.883117
168.440367,76.883117
168.567396,76.883117
168.694425,76.883117
168.821454,76.883117
168.948483,76.883117
169.075512,76.883117
