time_sec,value
0.635145,86.354776
0.762174,86.354776
0.889203,86.354776
1.016231,86.354776
1.143260,86.354776
1.270289,86.354776
1.397318,86.354776
1.524347,64.782326
1.651376,64.782326
1.778405,55.490578
1.905434,44.639376
2.032463,14.035088
2.159492,12.345679
2.286521,12.345679
