time_sec,value
25.786874,99.740428
25.913903,99.805321
26.040932,99.870214
26.167960,99.870214
26.294989,99.870214
26.422018,99.870214
26.549047,99.870214
26.676076,99.870214
26.803105,99.870214
26.930134,76.508761
27.057163,76.508761
27.184192,76.508761
27.311221,51.784555
27.438250,51.784555
27.565279,51.784555
27.692308,28.358209
27.819337,28.358209
27.946366,28.358209
28.073394,28.358209
28.200423,28.358209
