time_sec,value
56.527876,33.420026
56.654905,76.723017
56.781934,78.088427
56.908963,78.088427
57.035992,78.088427
57.163020,78.088427
57.290049,78.088427
57.417078,78.088427
57.544107,78.088427
114.580099,93.368010
114.707128,93.368010
114.834157,93.368010
114.961186,93.368010
115.088215,93.368010
115.215243,93.368010
115.342272,93.368010
115.469301,93.368010
115.596330,84.265280
